x1,x2,x3
6.992874003,8,4.105929746
11.39734766,15,2.948210089
8.245166353,12,1.307077242
9.185592969,6,3.971892453
7.781023922,9,6.054689169
11.23562586,7,9.173528245
9.363426468,8,1.420239875
10.30835963,8,7.263496811
12.21021764,15,3.30610065
8.509329089,16,4.989806818
8.500020411,10,6.415601062
11.26632585,7,5.46745201
12.49127879,14,6.546617023
8.640678314,6,6.437299722
10.2459501,6,8.381389813
10.14094894,9,5.203497421
10.0992577,6,6.769920957
10.21052983,8,3.484084597
10.66302619,7,9.062288278
13.62528226,11,9.783837397
9.881893018,10,8.896114994
13.27989255,9,4.295999023
9.143524292,7,9.683584094
11.62282959,12,5.86956389
5.745201886,11,5.432294687
11.39363692,11,7.378856777
8.075350049,9,1.142826624
12.5436475,7,3.017975402
11.29487034,9,7.455488754
11.99160695,14,8.757133702
13.73327566,10,2.10361034
12.30690148,9,1.529007843
7.020076989,8,2.697439497
12.36901087,8,2.840815455
9.397934971,10,8.019379254
8.420594238,13,2.49610889
11.35046776,11,3.016876736
9.705260052,12,3.136906034
11.48038907,10,6.620227668
8.262192094,9,7.46949675
9.224503426,7,6.035187841
8.019166014,9,5.464705344
11.21918674,8,3.896908475
13.67626853,10,4.635761589
7.039440132,10,6.221411786
12.4140445,10,9.828058718
12.00471277,5,9.104861599
12.8082377,10,5.923398541
12.1692631,9,6.204107791
14.34098183,5,5.603137303
12.10935013,4,3.829889828
11.48966137,6,5.935209204
8.279313331,13,1.594378491
10.73818683,7,9.195776238
12.62363756,11,5.638569292
10.02945399,10,8.12018189
9.593537723,16,7.099246193
9.625970304,8,4.8255562
14.25185135,8,8.349528489
10.65365839,6,7.08578753
7.471395545,14,7.206640828
12.22265953,8,3.595599231
8.697003321,10,8.453901791
11.66703103,6,9.460554827
8.765115379,10,7.224768822
9.476572157,13,8.498672445
9.710053089,6,7.718070009
9.269177806,12,9.210608234
12.90937351,9,4.956846828
9.298377134,6,1.520218513
12.09711743,13,3.499740593
11.65084657,4,8.81838435
11.81405994,7,4.790673544
9.686685896,8,1.494399854
8.969919943,9,9.80773339
10.88287834,9,2.228034303
11.39363692,11,2.485396893
8.273324309,7,2.86690878
10.05148877,12,3.635425886
6.266724338,14,1.96600238
10.03373771,9,8.437696463
7.704076122,12,6.022553179
7.947434167,11,1.604815821
12.15253294,10,8.339915159
10.33176093,13,1.706717124
12.54021415,9,3.333017975
8.619009602,14,8.444288461
10.36360234,7,3.12509537
11.62857759,7,8.582171087
7.530840119,9,5.585009308
14.36219125,9,6.338419752
7.564259502,8,9.644306772
8.715863967,11,8.970824305
9.156584636,14,8.935666982
11.19843435,6,5.676473281
10.77731102,10,4.642902921
8.727685124,12,8.390728477
11.4605439,15,5.06204413
8.501643859,6,2.233802301
9.775618562,9,2.874050111
12.13297881,9,5.847590564
8.077296368,17,6.655110324
12.12488885,12,5.315286721
12.80047061,10,9.791802728
12.29355919,12,6.377697073
10.00007731,9,1.915189062
12.29799298,5,8.892818995
9.077140274,12,1.260933256
11.5569367,7,6.538102359
13.19868377,12,8.206152532
9.914830369,11,7.268440809
9.090900928,12,3.695852535
9.051879058,15,2.626300851
10.67208475,14,3.522537919
11.47596893,10,8.295693838
11.29128921,10,1.522690512
8.938874342,13,3.908444472
11.96193469,7,4.930753502
8.507510099,11,1.684743797
10.59726517,9,6.382641072
10.01705985,5,1.638325144
13.28636816,11,9.633594775
14.66810889,6,6.432081057
7.942763912,18,5.976409192
6.792485035,13,2.150578326
13.97592885,17,4.819238868
9.712990757,12,1.894863735
9.886952082,4,9.956877346
8.138332558,12,2.805383465
12.20684342,8,4.951628162
9.342790034,11,1.553178503
12.07943685,10,9.777794733
11.43509169,11,1.068117313
9.6761494,12,7.653798029
8.921221049,11,1.978637043
8.770108505,7,6.902859584
10.7844119,11,5.507003998
8.285284164,12,6.842982269
7.923187038,8,3.052034059
6.771275619,7,7.283272805
3.472010829,6,3.985076449
11.82818894,8,8.27784051
13.77331162,15,2.955076754
9.598064733,9,1.508957183
10.96819804,16,1.83333842
10.39226052,13,6.165105136
11.24322696,7,1.96682638
10.43947693,11,8.539597766
7.750182956,9,4.281991028
9.957999535,9,9.991485336
5.283942553,7,8.600848415
9.622234554,8,4.420697653
9.761912477,12,1.932767724
10.00390173,8,8.227301859
10.47811682,5,1.109042634
8.372486516,6,2.895748772
9.268850388,5,4.55528428
9.594942892,4,3.069887387
11.41615601,14,8.889248329
9.869171461,15,1.313394574
10.86235104,7,1.984405042
13.68793735,9,2.870479446
8.908633643,15,5.819025239
10.21037522,8,4.742332224
12.5861209,14,5.404278695
10.77071491,14,7.409894101
13.63721483,6,5.058748131
11.08994527,8,3.695303201
11.81498308,13,2.796594134
11.53630481,7,7.675222022
10.5865536,9,2.343119602
10.77500317,10,1.373546556
8.957671323,10,8.838709677
9.512901923,10,8.296243171
9.81806468,9,4.303140355
7.361819624,6,1.832239753
10.17133516,20,7.027832881
9.721953827,14,4.293252358
12.0702646,4,4.839564196
8.483349373,12,9.977752007
11.94002041,10,9.315805536
11.68703991,8,1.299111911
6.111764631,11,2.088503677
13.02765329,8,8.799432356
7.06032213,4,4.035889767
11.15803232,14,1.905301065
8.142102413,9,9.004882962
9.469287104,12,9.747581408
7.089307726,5,8.399792474
8.355169737,3,2.29258095
9.010587999,12,6.094515824
15.0709059,10,6.655384991
12.86001523,9,5.350444044
11.40125394,9,2.801812799
8.241341927,6,5.330393384
8.194234649,6,1.120578631
10.29582452,11,8.047120579
8.331018105,9,4.598406934
13.20309482,9,2.780114139
8.653947841,5,1.744895779
10.33719061,10,4.769798883
12.68001713,4,5.091158788
10.20530024,16,6.978942228
10.29473995,9,3.142948698
10.52073574,10,9.516861476
8.243370101,11,9.257026887
11.2616556,10,1.576250496
8.811804289,12,9.12408826
9.047424808,14,7.084414197
7.643899405,3,6.531510361
11.10256906,9,2.290658284
7.793720468,8,6.955320902
8.39285465,5,8.904904324
10.54515112,11,2.420300913
15.32010745,19,3.701345866
8.605776454,8,2.109378338
9.065209977,12,8.4242378
13.67959728,7,9.487197485
12.51336587,6,2.910306101
9.929530077,8,2.407391583
7.799613993,8,7.305246132
11.53877409,10,5.873134556
4.955360307,11,3.603015229
10.24533165,4,6.956694235
10.85983174,8,9.231208228
9.10698989,7,9.01065096
6.541264409,10,7.542558061
7.265676939,12,5.797326579
6.73932507,12,8.595080416
9.435133304,12,2.67629017
10.47087951,14,5.024414808
7.099853317,16,9.658864101
10.64994765,10,5.856654561
10.80046448,20,9.051301614
13.96386895,18,7.328867458
12.31465492,7,7.733176672
12.1230062,13,4.843958861
10.38695816,6,7.936704611
11.99537681,13,6.695211646
6.830119926,13,7.873531297
5.8870103,8,5.785241249
12.50798166,10,3.784844508
10.94658162,8,5.854182562
9.791009486,8,3.121799371
7.368745426,11,3.349772637
10.83856776,6,5.701742607
12.79517735,5,2.648548845
10.51235247,9,9.973632008
11.01421392,10,3.480788598
5.695397956,11,5.073030793
11.00569878,12,8.77333903
12.65211838,12,4.28336436
10.05929451,14,5.299356059
9.963661139,6,3.978759117
6.530286808,4,6.163457137
11.70831754,10,8.222083193
7.894383341,8,6.861110263
8.106718522,18,8.04300058
10.56088538,8,1.06674398
8.431226231,9,1.187047945
11.21992343,11,8.051789911
9.564440714,8,9.880794702
10.24394467,2,7.328592792
10.03281912,8,7.074251534
8.70267402,13,6.393078402
9.942847353,7,2.796319468
11.36588369,10,1.918210395
9.285346348,8,3.816980499
6.543301677,14,4.050721763
12.24463747,13,5.89291055
7.583736331,9,8.235541856
10.92830987,15,7.601611377
8.009398041,7,3.817529832
9.855215265,7,5.24057741
12.80291715,12,8.219061861
14.61826858,10,4.658833583
9.220872269,13,3.358287301
10.62290837,5,8.271248512
7.117683961,11,9.795648061
9.586193553,7,2.04483169
8.434971076,9,1.49549852
6.511533027,12,8.045747246
8.887801667,14,6.697408979
11.31474735,8,5.313913388
8.307716851,9,7.815851314
10.52897121,6,9.558336131
12.48497599,9,4.179815058
10.40864961,8,5.48832667
7.88984951,14,6.381817072
8.27132342,18,4.726401563
9.68544671,10,9.671498764
8.305524969,8,8.236640522
13.80741767,10,8.827997681
9.423500867,13,3.230018006
11.24304279,5,8.886226997
6.404376361,7,7.660390027
8.650300768,14,3.621967223
8.883513399,11,5.849787896
9.913452484,10,6.429334391
9.611170551,13,9.599261452
8.125076672,13,8.774437696
8.824555405,13,9.465224158
8.096636773,11,7.430494095
10.21883807,2,6.860286264
11.5769001,11,7.775749992
13.35747245,9,2.366466262
9.253452643,6,1.231818598
8.167627382,6,2.278023621
12.24722498,8,3.043794061
6.700580596,6,3.038026063
6.10159648,15,3.663991211
8.703619895,14,9.008728294
9.723806923,7,2.66338084
10.63207153,12,2.06817835
8.23367034,9,2.942442091
11.26987743,9,6.969054231
8.488851816,9,3.694753868
8.822918315,10,4.340769677
9.051021859,8,9.713248085
12.15992259,9,9.823114719
14.04799721,6,3.839777825
11.05954314,9,4.169377728
12.04378011,8,2.280220954
9.016117727,18,5.423780023
8.246066752,8,5.740195929
9.081392161,9,9.525101474
9.221204234,11,3.546983245
8.980213149,13,5.118076113
12.86214345,9,9.691824091
9.175611265,10,2.014893033
10.30340516,10,8.700003052
7.771374183,13,9.815149388
8.932880771,7,4.057863094
12.83514055,12,2.773247475
12.67964424,8,9.16913358
8.372486516,13,2.232978301
9.870244665,13,3.15970336
12.1050846,7,4.911801508
11.05602339,10,2.894375439
7.811069079,14,7.223120823
10.42491138,8,6.926206244
9.561307504,7,5.693777276
10.58176283,14,2.431836909
12.01561306,14,5.580889309
9.8266685,11,4.086153752
11.37749566,6,7.085238197
10.90977665,16,2.92486343
8.849198164,5,4.249855037
10.77203367,14,1.182653279
10.42757165,12,1.837733085
9.248693712,9,2.480452895
11.51359473,11,3.324503311
9.947899596,12,1.188970611
9.552212557,9,2.761986145
13.15016223,12,9.973906674
9.955243766,7,9.757744072
11.89232651,12,4.011444441
7.885838638,11,6.346659749
12.34055278,8,6.817712943
7.572590473,12,9.179021577
7.772792995,15,6.657582324
9.150559233,8,2.377452925
8.013408913,9,4.724753563
8.415992195,14,9.731650746
9.925396423,13,3.350871303
11.85530553,13,1.719351787
10.05041784,12,3.996063112
9.414562808,8,6.334025086
9.166941507,7,8.376171148
7.32260676,16,4.906857509
9.774386197,7,3.365428632
10.63576863,9,6.268379772
9.752508302,17,2.930906095
7.300328687,11,9.709402753
13.63561412,16,9.933530686
6.701772034,10,9.508621479
12.5238478,12,8.77251503
11.88372724,8,7.32227546
11.794524,14,2.217047639
9.663741619,10,3.68898587
10.33098331,12,9.93243202
10.00405407,11,2.341196936
9.067767931,16,1.85503708
10.60398634,7,2.123661
6.807346179,8,6.2887051
9.71700845,10,6.1752678
10.56343197,9,8.988677633
9.11762643,6,4.778313547
9.274898528,13,1.270546587
10.94452844,14,3.057252724
7.310560502,16,1.860255745
9.56350166,2,9.605578784
8.717930794,11,9.480330821
9.349729478,12,9.303994873
8.581679392,6,7.654347362
6.687984094,12,8.147099216
12.0376001,12,3.509079257
12.71189947,12,8.9864803
9.654892235,9,4.113071078
13.17634658,8,2.808954131
5.88193532,8,2.737815485
14.49916115,6,3.663716544
12.48133802,15,9.959624012
6.94609869,6,6.719931639
9.793624283,10,7.391216773
9.267542989,12,4.338572344
9.920651135,7,6.658955657
12.693223,10,9.570421461
12.43028808,13,7.6359447
10.72804141,5,5.286996063
9.77346306,8,4.548142949
12.54880433,9,5.350444044
7.362920112,8,5.001892148
12.6770158,9,1.924527726
11.82586518,14,3.866420484
11.96664132,15,2.381572924
10.41834028,5,5.904721213
9.100391506,8,2.361522263
10.09726818,13,1.717154454
7.122004061,12,3.557420576
8.875100573,8,5.553422651
10.86201453,10,4.800836207
6.102615114,8,2.493087558
9.065209977,7,3.192388684
8.476814653,5,3.027039399
13.39693543,6,7.441480758
10.17194907,13,2.795495468
10.90180947,9,6.390331736
10.08471034,12,2.794122135
6.10159648,11,5.03787347
9.573835794,10,7.37775811
12.68754775,14,9.33558153
10.99702902,15,7.463728751
8.814355422,9,2.775444807
7.073327904,7,2.147556993
10.14754733,8,9.414960173
10.65979521,12,2.044557024
9.527233285,8,1.615527818
12.137308,13,3.755455184
10.59534386,6,1.576250496
7.653976607,7,6.497726371
9.531637513,7,3.76699118
8.473745109,7,3.802697836
6.59592504,10,2.828455458
9.429080617,7,7.857325968
10.50887593,12,1.443037202
11.23784957,8,8.200384533
6.373135218,13,7.290963469
10.05607944,14,1.708914457
14.94765118,8,6.554857021
7.612994775,10,7.709006012
10.6756477,5,3.698049867
7.923978299,7,8.301461837
11.29638011,10,3.502487259
5.676589606,10,8.191595202
7.434215402,10,2.765007477
9.831734385,9,5.07248146
15.04100171,12,8.719229713
10.32508979,9,1.611133152
11.5656542,3,8.322336497
10.86604587,13,9.875026704
12.62581125,8,2.119266335
9.925548764,11,6.304086428
9.832655249,16,5.620990631
6.828501025,11,4.678884243
7.366926436,12,4.11609241
11.92003426,10,3.556596576
11.38312771,8,8.721701712
5.593825588,13,6.036561174
9.125375325,7,9.356181524
6.769020072,12,7.025910215
10.06909204,11,6.367259743
11.72934506,12,8.084200568
11.26482973,8,5.832758568
10.14048965,7,2.022034364
12.47441676,10,1.249671926
10.67678229,9,5.369121372
8.766411409,10,6.532334361
8.468210833,12,9.199072237
13.8102371,8,9.075472274
11.75730747,11,1.280434584
11.5746059,14,7.269539476
10.67159817,13,9.669026765
10.31099262,10,5.333689383
10.07200015,12,2.362346263
9.764222594,11,4.868678854
10.86319005,8,4.086153752
8.143753146,7,1.179906613
13.71765054,6,3.29566332
11.72490218,7,7.347819452
10.66383564,6,5.721243934
11.20246568,8,2.334879604
9.990284323,15,7.825189978
8.318196504,15,8.258064516
13.17904778,7,6.062105167
13.2994194,9,5.405652028
9.238834789,10,9.41523484
14.24308382,16,9.84151738
11.62836386,9,9.970610675
7.749609975,11,1.53971984
11.02501872,11,3.917783135
7.751624505,13,4.157017731
9.068108991,8,7.929288614
7.475133569,10,6.815790277
10.98681994,15,3.028138066
10.764785,16,5.834406568
10.30944193,3,9.404248177
7.644513314,10,8.272072512
6.592005118,9,3.815332499
10.08195229,3,9.609424116
11.24712642,8,4.860438856
10.32044227,14,6.990203558
14.15573595,12,9.103488266
9.729520823,8,2.301644948
7.131881173,11,7.45905942
7.199938662,6,2.129703665
14.10163921,7,8.990874966
8.680882527,14,1.386730552
12.25761141,6,5.964873196
7.757659003,10,7.325296793
8.575376594,8,9.283669546
7.579288902,9,6.817987609
11.77062702,8,6.901211585
10.04613185,10,6.351054415
8.589341885,7,8.125949889
9.82497684,7,9.260872219
9.375484094,9,6.478225043
12.12812211,13,2.459578234
9.196054432,9,6.610065004
12.48762717,12,4.387737663
9.259518972,13,7.328867458
11.04425681,10,5.300729392
11.61201115,15,8.645619068
11.11666623,11,3.396740623
8.247417352,9,1.581194494
6.594615368,9,1.824823756
6.573569661,8,5.869838557
10.35707217,7,7.404126102
8.922812665,16,8.302285836
6.908754838,8,7.083315531
12.25471922,15,1.879757073
12.08443453,6,7.872981964
14.89708327,8,5.839625233
12.38575467,12,7.321726127
6.828501025,9,8.568712424
7.758231984,7,7.729331339
8.596788373,8,9.096896268
6.931292117,14,8.283059175
8.140924617,7,5.846766564
10.03098194,8,8.325632496
11.66227437,7,6.270577105
11.04723767,18,1.120029298
9.041251613,2,4.527817621
6.613369149,11,1.903103732
13.85436579,9,5.082369457
11.64483026,7,4.825281533
7.987688403,13,5.663838618
8.021662577,9,4.717612232
10.78077846,13,2.03521836
11.94762833,7,6.585619678
9.124534042,10,5.107364116
8.170651452,7,8.473677786
11.07471351,9,7.727408673
8.040293576,10,3.965849788
9.706187737,5,7.583758049
12.42454007,7,2.234351634
9.871165528,15,4.753593554
7.938084562,11,6.330179754
10.9070618,9,1.054109317
9.145031779,11,5.45536668
9.909471171,5,7.226416822
11.09136636,8,1.404034547
9.435931386,11,8.652485733
10.98060355,13,3.302804651
5.062025846,12,8.447035127
8.011153366,9,5.387524033
10.50571543,11,6.973448897
9.483852662,8,3.910641804
11.0607755,11,3.756279183
6.413580448,14,4.521225623
11.4456009,10,7.996856594
9.865644895,12,9.734946745
12.55191026,7,1.103549303
11.51257609,9,5.514694662
11.49815605,13,3.427503281
7.817462827,8,5.656971953
11.39246822,16,8.353648488
12.57311513,10,2.74303415
10.21514552,9,5.732779931
10.80394557,10,7.998229926
12.74448212,8,8.872219001
11.00917305,16,7.616443373
7.856184564,13,1.657826472
10.53769099,11,7.098147526
11.70479325,9,4.418225654
12.36162123,5,2.028901028
11.89304501,11,7.50163274
9.369538273,11,9.611072115
8.745615812,8,1.873989074
9.468334408,10,6.297219764
12.82390829,12,5.933011872
8.157595655,7,4.18283639
10.80593509,10,4.843134861
11.07754204,9,6.485641041
12.68603799,13,7.629902036
9.212946022,7,2.659810175
6.95295628,9,3.649433882
11.53158453,7,3.536820582
11.08497943,9,8.521195105
8.402977326,9,7.485702078
11.77289166,11,6.768272958
8.233447513,9,1.102999969
9.691949597,16,4.91399884
9.109018063,9,3.446180609
12.68189979,13,8.220435194
9.528490662,15,5.490798669
11.12221414,5,8.287453841
9.130086508,4,4.414380322
10.44778744,12,5.958830531
11.70479325,16,7.621112705
11.18181561,12,6.031617176
8.47824256,5,1.254615925
10.48489028,8,1.783623768
9.461674633,7,2.416180914
7.818849806,8,7.917752617
9.168442173,12,3.541489914
9.474830474,7,7.810083316
12.21303708,9,6.515030366
7.990480551,13,7.575518052
11.71162355,8,3.247871334
13.07019945,11,8.027069918
12.60066372,8,3.723319193
10.77087861,7,7.764488662
11.33322374,10,8.062227241
7.788936525,15,7.974883267
9.266397026,10,4.109775079
11.51379936,10,1.714133122
6.802416717,11,8.486587115
11.24656935,8,4.070497757
8.828552634,11,2.149204993
4.238460204,11,5.32105472
13.1948457,10,8.375621815
11.09598659,7,5.618793298
9.286815182,5,1.819330424
12.82847395,17,5.477614673
7.917147994,11,1.072237312
12.03041509,5,4.032593768
11.68136921,10,2.061311686
11.46814273,8,9.319101535
13.94978997,10,2.792199469
10.90468802,12,4.299020356
7.766244633,8,2.507644887
6.776332409,4,5.666310617
6.563565219,9,7.419782098
9.516369371,5,4.221564379
6.836013452,6,3.881527146
8.388836957,6,5.449598682
13.35122422,14,1.365855892
5.451471477,9,9.467696158
11.59597221,8,8.979338969
10.87664375,5,8.387707144
11.05866093,9,1.648762474
7.899167283,6,5.953062532
13.47662535,6,7.637043367
8.723374119,11,8.712912381
7.349723344,13,3.850489822
5.529215084,12,4.600054933
10.62339041,19,5.591051973
9.264268808,14,4.214697714
13.19758328,16,1.105746635
12.22039034,12,7.989989929
9.28501893,10,8.636555071
10.74097215,11,4.389660329
9.355050022,13,5.78276925
8.990306267,10,4.950804163
6.734695742,11,3.991119114
13.70057023,9,1.972869045
12.81646408,14,1.006591998
1.981312633,14,4.609118931
9.039705472,9,3.270943327
7.504396561,9,2.639210181
11.85978024,10,5.688009278
4.276295183,10,8.93099765
8.133134795,10,8.982360302
12.85407623,12,5.148838771
8.322984993,12,9.207312235
9.133619895,18,7.293710135
13.44516593,10,4.9389935
11.56087481,11,8.722525712
9.644951458,7,4.414105655
13.41125997,16,9.111728263
13.85338353,11,3.509353923
10.68813279,12,2.926511429
10.03679816,8,1.098055971
11.90505034,13,9.049104282
4.188256096,9,7.098422193
10.97336397,11,7.848811304
10.88524303,12,5.586107974
8.08722805,15,8.854365673
7.617978806,9,6.774040956
6.840278982,14,2.846308786
6.83119313,7,1.622943815
10.4814251,11,8.343211158
12.30898422,7,1.441114536
9.078331712,9,9.648701437
10.94726602,13,8.190771203
8.990479071,8,8.563768426
9.569454303,13,7.471694082
9.307970029,11,6.091494491
10.16887952,5,6.424390393
13.34192009,13,2.67464217
9.860124262,11,6.194494461
9.60524292,11,8.272347179
6.402839315,12,9.281197546
9.176609435,9,6.567491684
12.31495505,13,6.155217139
11.35489245,7,6.397473067
10.99062163,10,3.113010041
10.78407993,10,5.763542589
10.13941644,11,5.546830653
11.74630259,7,2.111850337
7.971121957,8,7.810357982
9.058891262,10,5.619342631
9.517788183,10,4.723654897
9.256240244,9,3.5868099
10.32664047,12,2.661183508
8.345278982,10,7.36732078
10.65349695,14,7.19840083
9.428282536,11,1.148594623
9.209139787,10,9.588824122
8.738344402,12,7.028107547
7.569070729,10,6.034913175
9.019914867,8,4.730521561
9.147880771,11,8.923856319
9.134290647,12,1.722098453
11.95205757,14,2.036866359
8.687912921,7,3.9262978
9.802234925,7,6.364238411
8.229372977,9,1.412274545
8.725625119,12,5.644611957
12.94328856,12,3.931516465
11.58233433,3,7.282174139
10.30851425,14,3.610705893
13.17042577,12,5.939054537
13.16827027,7,7.147862178
8.163898454,12,1.030762658
8.581088221,10,1.078279977
11.95082521,14,2.668324839
14.46336344,13,3.736503189
9.536196356,6,8.413251137
12.79031156,12,7.051728874
9.260501227,15,3.694479202
11.50830147,12,2.899044771
12.85364877,6,6.960539567
13.78977347,16,6.024201178
11.17580839,8,2.771324808
8.042517291,10,6.170049135
7.694289959,12,3.184972686
11.47395895,8,3.617572558
10.45359457,9,2.059114353
9.26852297,8,8.496475112
9.431947799,8,3.459089938
11.26987743,11,2.569719535
10.1811668,10,4.281167028
10.44214175,9,9.394634846
10.67597284,11,8.675557726
11.50058895,10,6.375774407
9.521567133,8,2.929258095
8.287935341,10,2.957548753
11.08055019,7,9.349864193
8.395178409,10,3.60850856
6.889928298,7,3.425031281
10.05546781,14,9.996978668
9.386559466,6,7.317056795
13.65088454,7,7.454390088
10.30216597,6,4.642078921
9.647591267,10,4.102084414
8.498601599,11,4.679433576
6.228489181,9,4.488814966
8.996731847,7,9.69512009
7.5846913,9,1.896511734
8.021912688,11,4.165807062
13.64201696,8,4.234199042
8.214152583,11,4.402844325
11.03165348,8,7.272286142
12.99767635,14,6.551011689
10.31920081,13,7.516190069
8.449061422,14,8.33414716
9.625504188,12,7.882869961
9.189913069,10,4.29792169
8.98682745,8,4.165257729
11.64955509,9,1.834437086
7.658233042,12,1.680349132
9.863650828,15,2.079165014
11.76294179,11,7.082491531
13.85534804,11,4.951628162
9.39233021,7,8.772789697
11.08586391,10,9.326792199
12.49161076,13,8.208075198
12.66210009,5,3.654103214
9.623014446,10,1.38288522
11.8249375,16,8.474776452
9.589163053,6,7.420331431
12.98270606,7,8.260261849
14.62714524,6,4.197943052
12.88231604,7,6.047822504
10.44417902,9,8.899136326
8.998464434,5,2.473311563
8.10695499,5,9.87777337
10.28469003,10,8.249549852
11.86710167,13,9.981597339
8.365019565,12,4.939268166
10.73376668,8,7.014923551
10.82538918,7,1.210119938
12.68830263,12,3.043794061
12.79517735,10,1.723746452
7.689524207,13,8.324808496
11.61561275,8,2.549668874
10.14662419,8,6.441145054
12.05749529,8,7.623584704
10.18254923,12,7.339030122
8.848113592,18,3.409375286
12.3131588,8,1.031861324
9.004703568,12,5.709433271
11.24991402,7,3.396740623
10.94880761,10,2.612292856
9.941469468,14,4.326487014
10.8437496,14,5.01617481
8.456287358,15,5.204596088
8.466569195,8,6.10687582
13.29109753,10,5.779747917
11.85389581,9,1.779503769
11.39559006,11,8.750267037
10.562477,5,4.347361675
10.68424015,4,4.271279031
10.81241296,10,3.127292703
8.813627826,8,3.851588488
13.08468771,11,7.774925993
7.740651452,8,6.294747765
9.125882368,6,6.633136998
14.70383384,8,5.122745445
13.3949982,15,9.044984283
10.09022187,14,9.893704031
7.441864252,10,4.636860256
7.649711077,9,8.634632405
10.11013526,2,6.166753136
7.933391569,16,3.869441816
10.56613999,6,5.741019929
7.793156581,18,5.057100131
10.0364912,8,9.206488235
7.22379016,16,7.300851466
8.433931978,10,7.383251442
12.84731868,6,4.558030946
12.70998498,12,2.709799493
11.84990313,9,7.896053957
9.245737854,11,1.8992584
11.57106115,8,6.246955779
10.02715751,11,2.503250221
10.27047918,25,4.217993713
10.02011802,5,3.976012452
10.85614147,11,2.436780908
11.33991762,11,8.027069918
9.905794539,8,1.308175909
11.57377144,15,1.904202399
10.18715809,7,4.511886959
8.922635314,8,6.858088931
9.807462245,7,2.741935484
10.89503828,10,9.535813471
9.0331753,6,9.680837428
12.00067007,8,3.579119236
10.37278369,12,1.647663808
12.913348,10,4.35258034
8.580499323,9,3.392620624
10.57873194,10,4.650318918
11.57544036,9,4.720084231
8.412638433,6,9.554765465
7.645736585,10,6.705099643
8.778230292,11,3.436567278
9.31105549,5,1.756431776
9.883580131,7,6.568315683
9.177441623,5,2.375530259
10.00940872,10,5.051332133
8.447201506,8,4.754142888
10.44904255,12,7.887813959
6.56757609,6,9.966765343
7.523282218,10,9.171605579
11.47275387,8,6.091219825
8.970793058,8,3.651905881
9.436408871,8,8.73955504
11.96193469,10,8.478072451
10.36811343,6,6.829523606
6.664855644,3,3.863948485
8.99967861,6,5.621814631
11.43845909,11,1.879482406
8.989087544,15,9.666554765
10.42209649,9,6.658406323
10.72363036,9,1.028015992
9.967640179,9,8.177587207
8.881007741,11,1.568834498
7.036684363,9,6.525467696
7.150152922,14,5.81408124
13.55925295,9,7.32392346
8.219391273,20,9.620685446
10.26492216,8,7.895504624
11.6892227,10,6.148625141
7.751910996,14,1.93304239
7.198710844,9,3.111362041
9.635465429,10,4.990905484
8.642413175,9,2.582079531
9.153574208,8,9.20291757
10.07154085,10,4.406140324
12.39356268,3,1.351573229
12.37302629,11,2.093447676
10.49987193,17,4.896145512
11.13279384,11,1.615527818
12.39419023,14,2.942991424
9.425253918,6,8.396496475
10.77302275,8,7.547227393
10.62146455,9,7.608478042
11.014389,5,4.246009705
8.309904186,10,6.288430433
14.0005034,11,9.543229469
12.48464403,11,2.389812922
10.01920171,8,9.243293558
11.48280606,17,3.318735313
10.77598997,8,6.238166448
10.13604222,14,4.384441664
8.078023964,7,7.703238014
9.88342779,12,7.564806055
8.547236828,10,9.758568072
8.833998234,12,7.645283364
10.48315769,8,2.668050172
10.351788,10,4.787377544
10.1811668,14,1.651783807
10.06832579,13,3.531052583
11.81914402,16,9.555589465
7.338268258,5,2.757866146
10.04659114,10,8.040528581
10.73802312,12,3.874385815
8.832909114,9,5.774529252
7.88423338,16,8.027893918
6.793594619,14,8.429731132
11.98283487,13,5.176030763
9.281103555,14,3.268471328
9.665603809,9,2.929258095
6.188817022,12,5.833857234
7.722607077,14,8.856563005
10.93461949,5,6.886379589
9.87468982,8,4.086153752
8.50831955,13,5.371593371
10.34013738,14,1.093661306
8.417665665,8,3.990844447
9.466274403,14,9.2141789
10.68683448,13,3.987273782
10.72608145,3,7.284096805
11.27306294,9,9.208960234
11.08427002,12,3.492324595
11.04232868,13,8.457472457
10.12423698,11,7.647480697
10.72869625,12,3.731284524
14.21872755,9,3.293740654
13.28342139,9,4.334452345
9.421586381,8,9.019714957
10.80278369,6,9.066682943
11.89903858,12,2.542527543
11.06800144,15,9.989013337
9.400656634,5,5.35483871
9.96274255,8,8.658253731
6.854066922,13,6.494430372
8.015914571,11,3.401409955
9.965498318,9,4.972502823
13.58718353,11,2.266212958
9.890017079,13,9.210058901
10.86991349,13,8.86260567
12.18698005,8,1.080202643
10.42757165,10,5.526505325
8.30793513,17,9.508621479
9.636552275,11,5.239204077
11.66119207,10,9.603381451
8.373125436,10,9.586077456
12.15499313,10,2.680684835
9.668395958,7,5.96047853
7.103786882,7,5.850886563
11.11094778,9,1.227698599
10.98284545,7,6.743552965
12.83138888,11,8.38001648
11.21826815,14,1.053285318
8.782286639,9,4.387462996
11.67897269,5,6.514481033
7.472418727,6,9.672872097
13.57124918,15,9.297952208
8.745988705,10,9.466872158
10.65575705,14,9.293557543
9.905642198,7,2.920194098
9.155413661,13,1.897610401
9.016463335,11,3.354716636
12.83472673,9,5.426801355
10.05623406,7,6.541123692
12.57521606,4,4.72255623
9.995334292,13,2.560106204
8.148455234,17,9.537736137
12.57592092,11,4.726126896
9.638264399,17,3.524735252
9.113747435,8,5.358409375
13.25318069,3,2.703207495
9.098022272,9,5.027710807
9.437045517,7,1.788842433
9.480214683,15,8.365733818
12.72384113,16,5.362529374
11.99311216,10,9.767082736
12.01484909,9,4.139988403
9.270648914,9,3.441785943
7.681752575,6,2.231055635
11.47435912,8,8.410504471
12.45512638,8,8.838984344
8.207076715,8,1.329325236
9.08377049,9,3.009735405
9.27555109,7,3.571977905
12.0291327,10,7.395062105
8.848657015,14,6.936094241
11.45535523,14,5.162022767
13.64201696,14,6.802331614
11.58610419,16,2.833674123
9.768688212,10,1.66441847
9.575088623,12,7.548600726
7.116819941,3,7.812005982
10.72542662,15,8.640675069
8.828916432,12,1.69820246
13.24516805,7,3.194860683
12.7207534,7,6.296121097
9.799467787,14,3.921903134
12.78707375,17,4.649494919
9.794085852,6,9.974181341
13.36374796,8,2.005829035
6.257083694,14,4.806878872
12.36808773,10,1.473250526
8.874382072,10,4.4885403
7.226595951,14,5.233436079
10.01644821,15,2.628223518
11.63049663,13,1.056031983
12.02402134,9,6.929227577
11.13998794,8,8.354747154
8.07389031,15,9.906613361
10.90248705,7,1.384258553
12.36100732,9,2.194524979
10.71906015,12,7.599688711
6.653123162,10,9.672872097
11.65342954,6,7.699118015
7.112054189,14,8.052064577
12.26718385,8,6.695760979
9.807923814,17,4.163060396
10.53420081,5,4.543748283
9.256569936,7,2.618884854
8.919272457,11,1.543839839
8.457315087,11,3.409924619
11.5484602,9,9.11117893
12.32214006,10,3.950193793
9.404176378,8,3.587084567
10.4754429,7,5.766838588
12.98364284,7,4.793145543
6.413580448,6,5.007110813
11.46934781,11,2.022034364
11.22804295,11,8.896114994
14.4396802,14,8.34540849
9.714382284,10,2.796044801
13.24231223,6,3.514023255
10.84074145,6,4.250953703
11.57669092,11,6.566118351
8.695680006,13,4.952726829
12.55987288,15,4.568468276
10.36126949,8,2.581255531
12.81564098,11,6.900662252
11.60883701,12,9.552293466
12.66991265,9,8.219885861
9.767303507,9,7.498336741
9.27555109,7,9.87612537
11.5356909,9,3.434369945
9.280939846,11,3.187994018
12.12893156,11,2.624652852
12.1402866,5,3.771111179
8.633732048,7,1.816034425
11.63071036,10,8.164128544
11.93000233,9,4.367412336
11.22859547,7,5.430097354
9.193232725,8,3.4758446
4.674581103,7,9.377605518
11.49329935,9,2.836695456
13.88519766,11,4.623950926
7.136574166,9,1.294717246
9.821907295,12,2.104434339
8.756029527,12,4.949705496
8.951357156,8,6.867427595
9.227306944,4,3.429700613
12.02045157,13,9.270210883
10.84910425,5,2.245338298
7.406448529,13,5.098300119
8.327548383,10,6.902584918
12.78304469,8,8.804101688
9.843093974,5,5.44492935
12.1278538,7,3.121799371
10.78870926,10,4.888729514
10.73949877,12,2.903439436
8.600701474,15,4.28666036
7.29384399,6,2.231879635
7.166942194,16,5.482009339
10.9501764,15,7.861720634
8.051880539,12,3.667561876
8.767705165,6,1.910245064
9.965343704,9,8.220984527
7.893582986,9,8.61568041
12.69549673,12,3.622516556
12.00344857,8,7.012451552
10.93086783,10,6.15356914
12.16348781,11,7.671926023
14.83792974,9,2.174474319
11.71670308,8,2.346690268
10.20729885,10,4.728873562
12.73744263,10,5.564409314
8.527246134,11,5.581713309
12.79843334,10,4.052095096
10.54657903,5,8.286629841
11.57606792,9,6.503769036
10.07735935,5,8.020203253
7.028871803,9,4.680257576
7.186832843,9,1.435895871
11.75978585,8,3.370647298
9.978963388,3,6.225531785
11.67723101,12,2.389538255
9.156752892,11,2.098117008
8.989262622,13,8.710989715
9.353437943,15,2.132999664
10.35955964,21,3.157231361
8.955568117,9,6.496353038
7.318477654,10,4.889828181
9.715309968,22,5.03952147
11.40301609,8,6.414502396
10.36064648,7,1.875362407
11.07577307,8,6.0610065
10.2365482,12,4.322916349
12.79639607,12,7.011627552
11.24062808,16,2.229407636
7.701115717,14,6.104953154
7.260601958,10,5.250740074
9.363262759,7,5.919827876
11.27774911,8,3.82247383
8.452162799,6,5.19470809
11.3858471,8,8.906826991
10.66787834,10,8.576128422
11.61222033,9,4.780236213
11.36762083,8,6.146153142
10.85278998,6,1.767967772
10.81008693,9,3.275887326
10.49639993,10,3.534623249
8.419339136,21,2.206060976
13.92956281,14,6.964384899
10.40458872,14,6.521622364
9.752662916,9,3.404980621
8.633925316,12,9.4369335
11.28300826,10,1.749015778
11.66508471,7,5.732505264
14.2258398,13,1.094210639
13.53930773,6,3.351420637
7.225795596,7,5.216406751
6.905216904,12,3.220954009
6.824735717,13,4.381420331
12.77060735,8,1.960509049
9.419992491,7,5.79155858
10.25751433,9,9.844538713
10.82989118,6,2.794671468
6.701772034,9,1.879482406
10.64527285,9,5.529251991
9.893848326,11,3.236060671
8.563916961,11,8.542893765
9.110705176,11,9.658864101
10.17486855,8,3.749412519
8.595221768,10,5.021942808
9.092597136,9,1.487258522
9.602123353,5,9.990112003
11.16890533,9,8.042725913
10.86957698,11,3.931516465
13.53857104,12,3.439039277
7.948207238,6,4.946958831
9.627373199,9,3.175084689
9.420310814,6,5.206244087
11.07577307,12,7.554918058
6.299429768,8,1.914090396
6.951491994,12,1.925077059
11.92927473,13,5.213385418
11.15242983,14,6.122257149
10.70992655,14,3.361857967
8.254143065,13,9.384746849
13.36626726,12,9.671498764
11.71825377,6,4.508041627
7.81050974,8,2.123386334
7.251588866,10,6.751518296
7.57194928,10,2.392010254
11.73736225,13,3.555497909
11.11487907,8,8.330027161
10.30696583,9,2.150028993
8.599137143,8,9.948637349
8.771404535,9,9.208960234
8.302896529,7,3.660145878
8.394966951,8,2.507095553
11.51114818,7,7.170659505
11.51440872,9,6.64906766
11.00969373,8,2.061311686
11.02693775,7,8.015533921
9.388001015,12,6.878688925
12.24866199,13,2.718588824
9.60945388,20,4.595660268
8.740772753,11,9.217749565
6.299429768,6,6.75838496
13.49760739,10,1.920407727
10.78325456,13,9.570970794
7.891982275,16,7.238776818
9.793931238,12,1.7858211
7.612685547,9,1.769341105
12.82308065,7,9.611346782
14.08057531,7,1.20187994
9.90319111,8,5.108188116
8.06877895,9,7.779320658
9.365677468,12,1.820978423
12.93832272,7,8.356944487
8.870075615,10,6.781182287
16.97444193,9,9.863490707
9.963968094,9,5.705587939
10.75985099,8,6.95147557
8.086987034,10,2.281044954
9.869019121,8,1.436719871
13.6396159,9,6.992950224
11.29543878,6,2.379100925
11.42698809,13,2.184911649
12.08759502,13,9.993682669
6.430251485,12,2.027253029
12.45447609,16,7.634022034
8.894402324,12,1.93386639
7.943800736,10,4.44349498
6.95295628,3,6.878963591
8.878502083,11,3.601916562
12.41912403,12,3.08087405
9.143524292,13,7.993011261
10.44120043,16,7.831781976
10.23685516,9,3.222602008
9.972994829,10,1.93221839
11.16255706,7,2.845759453
11.0375993,10,5.404553362
11.27381099,12,6.050843837
9.421747816,15,9.989288003
10.2661568,8,9.506973479
13.79439371,9,2.562028871
11.05901563,12,3.249519333
11.94959284,10,4.089724418
7.613931555,12,7.9737846
11.3809904,6,8.271248512
9.015426511,14,8.54728843
13.71335773,12,5.669057283
8.922812665,7,2.590044862
7.39255145,14,6.057985168
11.85107638,8,5.185644093
9.129920525,10,7.030030213
4.947938831,14,5.85033723
7.166523826,10,3.726065859
14.15309842,8,9.399029511
8.320156465,8,7.043488876
9.457390913,18,8.929898984
12.16074113,11,5.886318552
6.344249666,8,5.443006684
8.037324076,7,9.175725578
8.309026523,14,2.22666097
8.247863005,10,7.45823542
8.996731847,11,6.717734306
5.622820279,12,1.251045259
8.404659891,10,5.693777276
10.96372787,18,2.7985168
10.04582716,8,7.005310221
9.916976776,9,3.861476485
8.363095983,4,1.242255928
10.72477405,14,9.614917447
9.475621735,14,4.359996338
11.94124368,6,8.820581683
8.748780854,13,6.001678518
10.92967184,15,3.313241981
14.82381438,6,5.680318613
12.18837158,13,2.573839534
12.74017566,9,7.710104678
14.13088856,9,3.949095126
14.01762009,16,5.492721335
9.124702299,10,3.972441786
13.28932401,9,1.024445326
9.595254394,12,4.422620319
9.697834028,10,8.980162969
9.259682681,4,5.311716056
9.414883405,8,8.026245918
9.253125225,10,9.088106937
10.58591468,11,2.785882138
11.69097348,8,7.044587542
9.547349034,20,6.705923643
9.31543698,13,6.424115726
11.63925961,8,6.624347667
8.238863554,16,8.076235237
11.55052476,8,1.706167791
11.22379788,15,9.927213355
6.454816937,14,1.228797266
8.099037839,7,7.042939543
10.14585794,6,8.110019227
12.47309799,9,8.878810999
12.2756376,7,9.669301431
7.228196662,11,2.484572893
9.588380888,12,2.544175542
11.2905366,5,8.150120548
10.49545406,8,1.570207831
10.63754214,6,2.31675161
6.433261913,11,8.394848476
13.23663699,8,7.69225135
9.454057615,13,5.261177404
8.226658136,8,3.506881924
13.1406762,7,9.398754845
8.024404704,13,1.873714408
12.06974164,12,7.387096774
12.16266471,12,6.361217078
11.37846655,8,2.408764916
9.190908966,10,2.321420942
7.57322712,8,7.016296884
10.78870926,10,6.330729087
10.63319476,7,9.602008118
4.86572051,8,2.416730247
8.71511136,9,1.772637104
13.61269485,9,9.740440077
13.32962372,6,9.915402692
10.8310576,9,4.108401746
7.46935373,8,3.0237434
11.82934855,11,7.348368786
11.63819095,15,5.995635853
8.613957359,8,7.195104831
6.495307641,8,1.656453139
12.82805559,6,6.140934477
11.98709131,10,6.437299722
11.61327989,11,9.735496078
7.840354808,13,8.474776452
6.335263859,12,8.271248512
9.408332769,14,4.591814936
8.009398041,10,9.740440077
7.421623448,11,9.743461409
11.27325166,8,1.545487838
8.178309397,5,3.732932524
7.24922418,10,2.807031465
8.498196874,8,6.91686758
7.299946699,9,3.366527299
10.55547844,12,7.856227302
9.031972493,8,1.84542375
7.74094249,9,8.080355235
8.311650415,5,6.535081027
6.257083694,9,9.892330699
7.934173734,4,1.559221168
8.548630629,10,5.132633442
8.913249328,13,3.82247383
11.46354068,18,4.620105594
7.90923539,10,3.83373516
11.7856155,8,2.24835963
8.637399585,13,2.714194159
10.49135224,9,4.058137761
8.694922851,12,8.689016388
10.90926733,9,3.64311655
8.031121322,12,9.235328227
8.044741005,8,1.614429151
8.337077614,8,5.953337199
7.978529791,10,8.179235206
14.41661541,6,9.261421552
8.53405825,9,6.777611621
9.326457782,5,7.312936796
10.48977654,10,8.837885678
11.23692189,5,7.22257149
8.028142727,10,6.630664998
13.74999217,9,9.896725364
13.06771653,12,8.595355083
8.993607733,8,6.605395672
10.21314463,7,2.96990875
11.727567,13,3.048188726
10.49939899,8,5.727286599
10.00711452,8,1.161778619
9.282736098,7,8.305581835
9.28501893,3,8.445387127
8.954515377,7,5.077974792
7.902086761,12,5.226294748
10.66787834,13,5.528977325
10.17686489,12,4.220740379
14.09290806,15,8.323160497
3.705423549,10,3.053956725
12.46654054,10,6.530686361
11.73000899,12,2.239844966
9.775463948,8,3.757652516
9.304882294,10,7.58046205
9.779467998,9,7.541734062
7.079567038,7,3.195959349
5.015605236,4,7.641438032
14.157082,11,9.511642811
12.07890935,9,3.488753929
14.15309842,6,8.673085726
10.05531547,6,6.630664998
8.60870048,12,7.151432844
9.084279807,12,3.138554033
5.926773408,10,3.837305826
8.996208888,12,6.33127842
8.529051481,12,5.87121189
12.02810952,12,9.314157537
7.899435584,8,8.910946989
9.666533768,10,8.500045778
10.63802418,12,6.626819666
9.986459898,10,4.965361492
8.54384896,10,5.086489456
9.468018359,13,4.929380169
5.824164216,14,7.433240761
10.86520686,9,8.375621815
7.732816155,6,4.036164434
7.729905772,12,8.543443098
10.81972757,10,1.197485275
13.09377356,6,4.280617695
10.47591357,9,3.672231208
8.982998477,10,2.738914151
7.983113644,18,2.823236793
7.449813236,11,3.188818018
12.6894395,7,9.318277535
10.74048103,9,9.502578814
8.189168764,6,7.984771264
8.100001903,14,8.678304392
9.651165581,13,6.941312906
9.350375219,8,4.332804346
11.02606464,9,6.483169042
12.01180228,4,9.951384014
12.16321496,10,4.608020264
10.05164111,9,4.501449629
11.19916649,10,6.590014344
8.741704985,2,4.435254982
10.24764631,6,1.815485092
7.654886101,12,4.683278909
8.589146344,4,4.280892361
10.27078841,11,5.700643941
10.37574182,13,2.856746117
8.232992766,11,5.486678671
7.825216269,6,6.771019623
13.35372533,6,5.485030671
12.49194272,12,5.874507889
8.853168108,12,6.915768914
12.42996975,15,8.252021851
6.420428943,5,7.101992859
9.246558673,5,2.761162145
10.81557118,7,5.294137394
12.04403932,11,9.243293558
12.25992608,14,9.014770959
11.91930667,12,2.561754204
13.2787193,10,9.686605426
11.67028247,17,4.459974975
10.17794036,7,1.857234413
8.93182121,4,5.532822657
7.67695499,14,8.340464492
11.22066012,12,3.604388562
12.74566446,18,1.686391797
6.951491994,15,3.517868587
11.92489097,12,9.188909574
9.407532414,7,9.987365337
8.020166458,17,2.739738151
6.184105839,8,5.79238258
11.9941217,8,3.938657796
10.6262826,19,3.386303293
11.26240138,15,7.487624744
8.016164682,9,4.036164434
10.84007297,5,6.779534288
7.699337655,15,5.046937468
9.713763827,8,8.25531785
6.542628651,6,1.588885159
7.237755451,8,8.241584521
9.754513738,9,1.230445265
9.223182385,10,6.201086459
11.17126547,12,2.645527512
11.11398549,10,4.235297708
5.609286998,11,1.220831935
4.782992871,13,4.926633503
10.90943558,10,5.546006653
8.444100129,11,3.805719169
14.01532816,15,6.188451796
12.2756376,10,1.504287851
7.99149009,16,3.818353832
9.646970537,9,4.629169591
10.60590764,13,2.824060793
9.300980562,10,2.203588977
11.08887889,5,3.129215369
12.71920726,8,1.784722434
8.210960257,10,1.14722129
9.453898454,10,4.692068239
7.524928403,13,3.79995117
8.480695922,11,9.836024049
11.51971108,9,5.392193365
12.14083229,11,9.999725333
10.39803354,10,2.041535691
9.849537744,13,1.744895779
8.841426532,6,9.38227485
13.28814167,11,6.022553179
9.841711542,9,4.568468276
9.197548277,9,5.661091952
12.64512892,7,4.294900357
11.03322691,9,3.849391156
8.617649908,8,1.743522446
8.849557414,13,2.106082339
9.082581326,10,9.229560228
10.79383881,10,5.691579943
6.810074663,9,1.914914396
12.66991265,9,6.593585009
13.45873559,10,4.474257637
7.824388629,8,3.696676534
10.72804141,9,9.096896268
9.580250005,9,7.209112827
9.880822088,9,2.889980773
12.83472673,4,5.430372021
12.44799139,13,1.651783807
6.655606083,10,7.1863155
13.73676812,8,4.308084353
11.58045168,13,5.302652058
11.61391654,19,1.133762627
9.060087248,11,4.006500443
12.45187948,7,5.353465377
11.97858753,9,5.7264626
7.510713001,7,9.943418683
8.075350049,13,2.058015687
8.733674147,13,7.598040712
5.707712515,5,7.281624805
10.06266191,6,5.953062532
10.75853677,13,7.379680776
8.33577931,6,7.449171422
10.76857305,13,8.673360393
9.96274255,12,6.763603626
9.257388481,7,2.524948881
8.739092462,12,9.683034761
10.16273816,11,7.760917997
11.57606792,11,4.737937559
8.521220732,15,3.078951384
10.8850725,11,3.022644734
9.339881924,9,8.441816462
10.7340941,8,1.478743858
12.4277324,9,4.852198859
13.05832145,11,2.67711417
6.427250153,9,6.667195654
11.08799213,13,5.901150548
7.874033397,6,4.291604358
12.84689122,7,8.236091189
10.14048965,11,5.378185369
11.34816219,15,8.554155095
12.37643235,8,9.133426923
12.1120195,9,8.834589679
6.322067091,10,4.63493759
7.451195668,11,3.354716636
12.90058779,10,5.831934568
9.156416379,11,9.993133335
5.925536496,14,7.727134007
5.29129127,9,6.384289071
6.992874003,9,7.79525132
12.44993316,13,7.034974212
11.34989023,7,7.542832728
11.25978659,9,7.904843287
12.61354216,10,6.958342235
6.624865162,4,5.491348003
7.54520104,10,2.97869808
10.81922963,6,5.25348674
10.86856744,9,6.725699637
10.15475734,7,4.398998993
8.286830305,8,9.67342143
8.089642759,7,7.770256661
10.77764071,4,3.814508499
10.33656761,10,6.896816919
10.15307023,3,6.841883602
10.70129772,10,8.414349803
9.693343398,12,7.028931547
11.85907538,9,1.026367992
9.124029273,6,9.498184149
8.515581865,9,2.227210303
10.35536232,13,5.496841334
6.778014975,7,2.145359661
11.23322025,5,9.840693381
12.2326185,6,1.297189245
11.67310191,8,1.402386547
13.06919901,3,9.858272042
9.332769676,13,4.087527085
7.453260221,6,9.380901517
10.51377583,8,1.742973113
8.140924617,8,6.868526261
8.566686372,12,1.538346507
8.104080987,16,4.841212195
7.457384779,8,3.142399365
9.266069608,10,5.665486618
8.360099198,9,7.147312845
6.905726221,7,3.055879391
6.739907147,5,8.252571184
10.63834705,7,9.443525498
7.807444743,14,9.385296182
11.68267434,9,3.951292459
6.389651642,11,8.773064364
11.03410002,7,1.163701285
13.65494088,13,9.676992096
11.78835307,8,3.820001831
10.27156148,10,9.623981445
8.584630703,13,7.169286172
11.03445018,8,8.18939787
10.48489028,16,3.08005005
7.812460606,11,2.297524949
7.910554157,13,7.249488815
10.93974222,12,9.25592822
9.872850367,12,9.126285592
7.919248926,12,6.924558245
11.42403223,8,7.568926054
7.471736606,8,6.216193121
11.53692326,12,1.935789056
9.692570327,9,1.081575976
10.18500714,9,3.3640553
7.300328687,7,8.95352031
7.995792,7,5.582537309
9.95754024,13,7.879573962
8.427688297,9,3.8128605
9.042279342,16,1.910245064
9.259027845,6,8.313547166
8.577545739,8,8.353099155
5.986963768,11,7.983397931
10.3066566,8,3.864223151
8.369503373,14,9.34766686
8.187554411,9,4.690145573
12.70501005,5,5.271065401
6.99854925,12,9.243842891
7.960339897,14,7.051728874
14.8581569,11,7.33271279
9.548290361,14,6.228278451
7.953641468,11,9.267738884
6.475962689,11,8.648915067
8.497992237,10,2.47358623
7.110753611,13,6.189275796
13.66637323,7,7.687582018
9.922029019,8,2.115970336
9.154242687,9,5.989043855
7.38896804,13,4.605273598
11.54350801,11,4.413556322
10.58927071,10,6.428510392
10.57586021,12,8.330851161
7.393624653,8,9.488296152
11.32597052,22,5.809961241
9.619742539,11,5.804742576
8.513767423,12,6.415326395
10.64914275,4,5.869838557
10.08042207,14,7.932584613
10.2260731,11,1.111239967
6.109745553,4,8.036133915
9.588535502,10,6.69081698
10.60622824,13,2.499404889
11.22103074,14,2.08108768
8.466569195,9,6.834467605
12.56752628,12,3.01248207
5.999496605,11,5.870113224
11.68638508,10,4.501174963
10.88642309,14,2.355754265
6.323731466,5,3.972167119
11.47094852,4,7.812829981
9.313977241,9,1.030487991
12.10935013,7,9.227912229
13.87115506,5,1.374370556
7.412110133,9,2.348612934
7.056711436,7,6.798760949
8.573207449,16,3.987548448
10.56996214,9,4.336375011
13.60025297,9,6.445814386
10.90418098,5,4.44349498
8.111502464,3,5.589403974
10.04536787,5,5.884670553
9.239162207,8,3.850489822
11.23155587,11,5.747062593
14.02920705,9,4.12817774
8.728249011,10,8.915890988
8.922103259,18,7.832880642
7.951831574,13,8.520645772
9.358756213,8,5.803918577
11.98809175,8,9.423200171
5.230464265,6,9.130130924
9.708043106,6,9.900570696
12.74096237,20,7.664510025
12.60422894,8,1.397442549
6.44669515,9,2.86855678
12.22720701,10,7.706259346
10.39335191,15,8.152043214
10.82972292,15,9.309762871
11.91736945,12,4.747001556
9.34359721,11,7.020416883
8.118182702,13,1.98934904
8.787070581,6,5.575121311
10.73213187,6,7.256630146
9.932745141,13,8.645344401
11.15315061,10,2.436780908
9.203678271,9,6.91686758
8.112216417,23,2.228308969
6.544665919,7,5.592974639
9.694582584,6,3.444532609
10.25504733,9,9.022461623
12.05049673,8,2.480178228
13.16452315,14,9.264717551
10.31858235,14,5.741569262
12.41056114,11,8.408856471
7.9422455,10,8.85216834
11.71670308,9,5.475417341
10.19791742,14,1.385082553
10.62066192,6,4.896145512
12.73548721,9,8.40253914
11.15351213,12,5.981078524
12.18865353,7,4.804681539
9.809615474,9,8.603320414
13.36942321,21,4.058137761
13.03247361,5,5.663838618
7.921877366,11,6.872096927
13.22535016,10,7.860896634
15.20332833,10,8.486861782
11.35104528,9,2.031647694
10.58607384,9,3.025940733
10.66544999,12,2.961119419
8.693408543,12,2.483474227
9.272283731,18,4.189153722
10.64140522,21,7.988616596
7.029790393,18,8.139683218
10.6070286,8,6.645771661
13.87015461,9,7.933683279
9.807155291,8,1.095034639
7.851009539,14,9.700064089
11.55114321,14,5.622089297
14.88791557,12,8.136661885
13.5704943,6,2.780938139
11.31000434,7,7.690054018
8.980911187,4,8.713461715
9.873002707,7,7.06326487
8.365660758,11,1.244727927
9.39473355,15,3.030060732
13.65413143,12,4.109775079
11.21182666,5,8.788720359
12.29917987,12,1.826471755
11.00465741,10,3.504959258
8.95609335,11,9.542954802
8.835087354,16,3.364879299
9.819294771,16,8.130893887
9.685137482,8,9.520981475
11.48784693,13,3.635151219
5.769885572,17,2.896572771
4.432291714,8,9.422925504
14.09043423,14,8.038605914
9.72828391,7,3.729087191
11.44699243,10,7.182195502
9.60992227,9,8.334696493
11.6226204,12,7.586230049
10.51583129,12,2.474135563
7.484947016,9,6.073641163
8.628318281,7,1.405133213
5.850848791,15,7.756797998
8.014413904,9,1.956663717
10.99235422,8,4.215521714
11.31607521,12,9.493789483
10.68213012,7,8.10013123
9.27130375,14,1.650685141
12.23575626,11,4.315500351
8.468210833,7,7.588976714
8.32537469,13,3.812585833
10.28932845,8,7.972960601
12.1517144,7,6.604297006
10.42037527,13,4.054292428
11.72135287,8,1.133213294
10.57187663,6,2.72133549
8.935700205,11,5.643513291
12.01332568,13,1.833613086
7.908707883,8,8.848597674
10.94897814,14,1.183202612
9.524873147,13,6.132419813
11.20796813,10,1.650959807
9.314300112,9,2.817743461
12.70158125,10,2.185186316
10.43775344,11,2.875698111
6.193510015,10,4.736838893
10.45830348,12,8.920285653
12.30392743,10,5.876979888
11.08055019,12,9.562730796
12.25847998,11,4.110324412
11.56461283,12,4.333903012
8.311650415,5,9.520706809
12.16541139,6,9.520706809
10.17317916,10,2.949308756
12.30095793,12,7.548875393
8.711159606,9,4.073244423
12.6352609,13,3.091860714
5.184552972,10,4.079836421
11.34682068,9,3.0245674
9.331637355,9,7.842768639
10.10155645,10,6.796563616
12.69208613,11,9.116122929
7.31131993,10,7.896053957
9.259355263,5,6.993499557
7.347881617,13,7.933683279
13.35247023,17,7.281624805
10.64027745,12,7.633472701
13.10648829,8,1.191167943
8.433722794,7,8.777184362
10.42256488,6,1.443586535
11.82238637,15,5.065065462
11.81590622,9,6.160161138
7.029790393,11,2.025330363
14.26811312,9,6.391705069
10.01705985,10,8.667317728
12.12488885,9,4.439649648
9.740480234,9,2.658711509
6.925325831,15,3.89086581
10.12086502,17,6.526566362
8.952409896,14,2.118167669
11.47978653,6,4.86016419
10.56168119,7,5.543534654
12.56613021,5,3.885372478
9.564754489,8,2.829279458
11.56585884,12,7.158024842
8.778048393,9,9.986266671
10.22715312,11,8.669515061
9.706806193,10,2.783959471
8.938169483,22,1.444410535
9.866563485,6,5.457564013
7.108143361,10,6.912472915
9.020949417,8,7.131107517
11.08905624,9,6.02887051
4.932950358,10,2.267311625
11.23081463,7,1.475997192
14.18807758,10,9.416608173
10.39148063,11,2.378826258
9.277185907,9,3.194586016
13.63002982,12,2.976500748
11.89352249,8,6.429883724
7.387890289,11,8.708243049
10.09068117,10,4.350108341
11.00274974,7,1.323557237
15.7615398,14,8.216315195
10.75606977,11,6.065950499
9.208148438,10,6.534257027
11.42817498,7,4.773369549
7.624809112,10,7.534867397
9.02870286,9,4.085055086
8.455050445,15,3.617297891
10.93905783,15,3.909817804
8.7669662,8,3.546983245
10.32989874,10,7.042939543
7.128024916,11,8.979888302
7.374552549,7,1.452375866
10.72363036,10,8.014435255
13.02813532,13,5.395489364
10.08256393,10,5.537491989
7.370559868,10,1.30323191
11.42857061,6,2.784783471
13.23437234,11,5.436689352
7.8748383,7,6.387035737
12.05023753,15,7.733451338
11.14052909,17,1.856135746
7.350087142,20,6.241737114
11.43450052,8,3.603839228
10.52881205,11,9.120517594
8.651260285,10,6.788872951
7.682352841,11,8.548661763
10.63223069,7,1.217261269
10.52627911,14,6.141209143
8.235480234,15,8.753837703
9.749579729,9,9.737144078
9.222027327,7,8.903256325
12.67964424,14,4.824457533
6.583483153,8,5.999755852
12.9084913,8,6.558702353
11.09722805,15,3.416791284
11.11577265,10,7.371990112
8.589930783,10,1.014007996
11.6820195,12,4.774742882
12.55918167,7,4.305337687
7.621398506,14,2.152775658
12.16403805,11,9.163640248
7.470713424,10,3.359660634
9.89706339,10,9.921720023
13.8811595,11,3.77907651
8.999333002,9,7.095126194
8.863609108,18,6.423566393
10.58543719,9,3.280831324
11.30697117,13,9.666829432
11.74877187,6,5.677571947
9.189581104,8,3.513473922
11.71382908,5,7.784264657
13.65169399,12,4.988708151
7.834038368,15,4.764580218
8.63701305,11,7.446424757
11.17962827,6,6.341990417
9.20053142,8,8.428357799
10.02577963,8,5.563585314
13.18992534,11,9.332834864
9.246724656,13,9.930234687
13.99262717,14,2.635914182
13.61269485,8,8.88595233
11.06059815,13,2.944639424
6.872902557,16,8.108645894
11.48845174,18,2.799615467
8.998464434,19,4.065828425
7.433519638,12,1.088167974
11.3206386,12,6.534257027
10.38119197,17,8.229773858
11.68420229,13,2.827082125
9.650544851,12,7.129734184
11.54598183,9,10
6.646274667,7,9.370464187
10.96647909,9,5.874233222
11.6907552,9,8.341288491
11.81475116,4,3.027039399
11.69535269,11,2.139591662
12.28766567,8,1.497970519
11.0970507,13,8.214392529
8.250109456,7,2.551042207
12.24578798,13,2.006927702
11.04811534,10,9.970061342
9.385597675,12,2.399975585
5.884481905,9,9.722037416
14.25185135,10,9.711325419
8.125790626,9,3.008636738
10.76676315,9,5.434766686
11.06095058,13,7.355510117
11.30753961,15,2.029450362
10.62869276,7,9.1007416
10.84124167,12,5.902249214
12.98970917,7,1.069215979
8.146577127,10,7.501358074
7.739205355,10,8.95516831
8.167627382,7,2.194250313
12.73082151,16,7.628803369
11.24192866,11,7.51207007
10.90977665,8,3.875759148
11.432918,6,5.52128666
12.7284932,5,6.536729026
8.559360392,10,1.644642476
9.510696398,10,5.329569384
10.6959317,10,9.332560198
11.84521468,14,1.402111881
11.98008365,11,4.707998901
12.41277576,8,4.491561632
9.920037226,7,9.799493393
12.22777089,6,9.11117893
9.992119228,15,8.340189825
11.88062586,9,3.055055391
14.43076715,8,4.52067629
7.919248926,12,6.338694418
4.940444594,5,7.602435377
7.250797605,9,2.076693014
9.272774858,10,9.104037599
7.818017619,5,2.42854091
7.526242623,10,8.464064455
9.712681529,12,3.147343364
10.93615654,7,9.780816065
11.70853582,10,7.173680837
11.33513367,9,8.585741752
5.493126335,9,8.665944395
8.984740159,14,8.709891049
10.14585794,10,8.528336436
13.3314609,16,2.308511612
10.97939619,11,3.496993927
7.630065991,5,8.128971221
9.797623786,7,7.78234199
9.516685421,17,2.255500961
10.30448973,9,3.796929838
12.83097506,10,9.005706961
9.752201347,6,2.231330302
8.516591404,12,2.446668905
10.98060355,17,2.28296762
11.36298695,10,5.347697378
8.750456598,8,7.870235298
5.854795998,11,1.343058565
7.796530806,12,3.735129856
9.40369662,11,4.827204199
8.212101673,10,3.144322031
10.71922159,5,9.71764275
10.97801603,10,7.005035554
11.73758508,15,2.87734611
10.91707989,11,3.289620655
12.00901468,14,8.763176366
7.876720954,7,1.318063906
14.40790245,9,3.91338847
8.869179763,13,2.289284951
8.359885467,11,8.342387158
10.49908294,5,4.145481735
10.66189386,12,7.83864864
9.537924396,11,9.982696005
9.807923814,10,8.789269692
10.55993041,13,1.430951872
8.992216206,8,1.488631855
7.336039996,13,2.355479598
11.08781478,14,7.161046175
10.91809852,9,6.453779717
10.81207872,11,8.174016541
10.11871862,13,3.544236579
10.27665692,12,4.355876339
12.68265012,4,8.103152562
14.35398761,11,9.970336009
9.363262759,10,9.581133457
11.34682068,16,9.995880001
9.083261173,8,6.856166265
5.953185135,9,2.919919431
10.69284397,14,8.417920469
8.770294951,14,1.48341319
